"Requirement: A company needs to represent its B2B storefront and configure properties such as currencies, languages, and price books. Best object?","WebStore."
"Requirement: An existing Salesforce Account must participate as a buyer in Lightning B2B Commerce. Best concept/object?","Enable/use it through BuyerAccount."
"Requirement: Multiple buyers must share the same entitlement policies, price books, and product access. Best object?","BuyerGroup."
"Requirement: Apply the same promotions and shipping methods to a defined set of buyers. Best object?","BuyerGroup, because it associates group qualifiers such as promotions and shipping methods with buyer members."
"Problem: You need to identify the commerce object that stores buyer financial information such as credit and order limits. Root concept?","BuyerAccount."
"Problem: You need the object representing the B2B/D2C store itself rather than an individual buyer or buyer segment. Root concept?","WebStore."
"Requirement: Buyer qualification should consider the buyer account identifier. Which studied object handles that grouping logic?","BuyerGroup."
"Requirement: Buyer grouping may depend on localized language and currency of the market being browsed. Which studied object supports this?","BuyerGroup."
"Scenario: In the practice org, Titan Geek Store is the buying business and B2B Nexus Figures is the commerce storefront. Map the concepts.","Titan Geek Store = Buyer Account; B2B Nexus Figures = Store/WebStore."
"Scenario: Nexus - Low Tier and Nexus - Top Tier classify buyers for shared commercial rules in the practice org. Which concept do they represent?","Buyer Groups."
