"What does WebStore represent in Salesforce B2B Commerce?","A B2B or D2C store where buyers and shoppers complete transactions; it contains store properties such as supported currencies, languages, and price books."
"What is the main role of WebStore?","Represent the commerce storefront/store configuration used for B2B or D2C transactions."
"From which API version is WebStore available?","API version 49.0 and later."
"What does BuyerAccount represent?","An Account enabled as a buyer for Lightning B2B Commerce."
"What type of information can BuyerAccount contain?","Buyer or shopper financial information, including credit and order limits; some fields are specific to B2B."
"From which API version is BuyerAccount available?","API version 48.0 and later."
"What does BuyerGroup represent?","A group of buyers that share assigned entitlement policies, price books, and products."
"What can BuyerGroup associate with buyer members?","Group qualifiers such as entitlements, price books, promotions, and shipping methods."
"How can BuyerGroup membership/qualification be evaluated according to the studied definition?","Based on Buyer Account ID or on the localized language and currency of the market browsed in a WebStore."
"From which API version is BuyerGroup available?","API version 57.0; it was amended to support Market in API version 58.0 and later."
"Which studied object supports sharing through BuyerAccountShare?","BuyerAccount."
"Which studied object supports sharing rules and sharing entries through BuyerGroupOwnerSharingRule and BuyerGroupShare?","BuyerGroup."
